{
    "duration": 5.441029787063599,
    "p50-latency-1": 2851.524233818054,
    "throughput-1": 1.6541353936969678,
    "p90-latency-1": 4773.980689048767,
    "p95-latency-1": 5012.126839160918,
    "p99-latency-1": 5202.643759250641,
    "p50-latency-0": 2848.79207611084,
    "throughput-0": 1.654732511532776,
    "p90-latency-0": 4771.331596374512,
    "p95-latency-0": 5009.8220348358145,
    "p99-latency-0": 5200.614385604858
}